<?xml version="1.0" encoding="UTF-8"?><?xml-stylesheet type='text/xsl' href='_UpgradeReport_Files/UpgradeReport.xslt'?><UpgradeLog>
<Properties><Property Name="Solution" Value="SimpleClientServerConfig">
</Property><Property Name="Solution File" Value="E:\Daten\Daten_Zeh\IMPORTANTDOCUMENTS\Prof\CertificatsPreparations\MCTS-70-503_WCF\WCF_own_sample\SimpleClientServer.Config.Rest\SimpleClientServerConfig.sln">
</Property><Property Name="Date" Value="Sonntag, 6. Februar 2011">
</Property><Property Name="Time" Value="22:07">
</Property></Properties><Event ErrorLevel="0" Project="" Source="SimpleClientServerConfig.sln" Description="File successfully backed up as E:\Daten\Daten_Zeh\IMPORTANTDOCUMENTS\Prof\CertificatsPreparations\MCTS-70-503_WCF\WCF_own_sample\SimpleClientServer.Config.Rest\Backup\SimpleClientServerConfig.sln">
</Event><Event ErrorLevel="0" Project="Server" Source="Server\Server.csproj" Description="Project file successfully backed up as E:\Daten\Daten_Zeh\IMPORTANTDOCUMENTS\Prof\CertificatsPreparations\MCTS-70-503_WCF\WCF_own_sample\SimpleClientServer.Config.Rest\Backup\Server\Server.csproj">
</Event><Event ErrorLevel="0" Project="Server" Source="Server\IServer.cs" Description="File successfully backed up as E:\Daten\Daten_Zeh\IMPORTANTDOCUMENTS\Prof\CertificatsPreparations\MCTS-70-503_WCF\WCF_own_sample\SimpleClientServer.Config.Rest\Backup\Server\IServer.cs">
</Event><Event ErrorLevel="0" Project="Server" Source="Server\Program.cs" Description="File successfully backed up as E:\Daten\Daten_Zeh\IMPORTANTDOCUMENTS\Prof\CertificatsPreparations\MCTS-70-503_WCF\WCF_own_sample\SimpleClientServer.Config.Rest\Backup\Server\Program.cs">
</Event><Event ErrorLevel="0" Project="Server" Source="Server\Properties\AssemblyInfo.cs" Description="File successfully backed up as E:\Daten\Daten_Zeh\IMPORTANTDOCUMENTS\Prof\CertificatsPreparations\MCTS-70-503_WCF\WCF_own_sample\SimpleClientServer.Config.Rest\Backup\Server\Properties\AssemblyInfo.cs">
</Event><Event ErrorLevel="0" Project="Server" Source="Server\Server.cs" Description="File successfully backed up as E:\Daten\Daten_Zeh\IMPORTANTDOCUMENTS\Prof\CertificatsPreparations\MCTS-70-503_WCF\WCF_own_sample\SimpleClientServer.Config.Rest\Backup\Server\Server.cs">
</Event><Event ErrorLevel="0" Project="Server" Source="Server\App.config" Description="File successfully backed up as E:\Daten\Daten_Zeh\IMPORTANTDOCUMENTS\Prof\CertificatsPreparations\MCTS-70-503_WCF\WCF_own_sample\SimpleClientServer.Config.Rest\Backup\Server\App.config">
</Event><Event ErrorLevel="0" Project="Server" Source="Server\Server.csproj" Description="Project converted successfully">
</Event><Event ErrorLevel="3" Project="Server" Source="Server\Server.csproj" Description="Converted">
</Event><Event ErrorLevel="0" Project="Client" Source="Client\Client.csproj" Description="Project file successfully backed up as E:\Daten\Daten_Zeh\IMPORTANTDOCUMENTS\Prof\CertificatsPreparations\MCTS-70-503_WCF\WCF_own_sample\SimpleClientServer.Config.Rest\Backup\Client\Client.csproj">
</Event><Event ErrorLevel="0" Project="Client" Source="Client\Form1.cs" Description="File successfully backed up as E:\Daten\Daten_Zeh\IMPORTANTDOCUMENTS\Prof\CertificatsPreparations\MCTS-70-503_WCF\WCF_own_sample\SimpleClientServer.Config.Rest\Backup\Client\Form1.cs">
</Event><Event ErrorLevel="0" Project="Client" Source="Client\Form1.Designer.cs" Description="File successfully backed up as E:\Daten\Daten_Zeh\IMPORTANTDOCUMENTS\Prof\CertificatsPreparations\MCTS-70-503_WCF\WCF_own_sample\SimpleClientServer.Config.Rest\Backup\Client\Form1.Designer.cs">
</Event><Event ErrorLevel="0" Project="Client" Source="Client\IServerClient.cs" Description="File successfully backed up as E:\Daten\Daten_Zeh\IMPORTANTDOCUMENTS\Prof\CertificatsPreparations\MCTS-70-503_WCF\WCF_own_sample\SimpleClientServer.Config.Rest\Backup\Client\IServerClient.cs">
</Event><Event ErrorLevel="0" Project="Client" Source="Client\Program.cs" Description="File successfully backed up as E:\Daten\Daten_Zeh\IMPORTANTDOCUMENTS\Prof\CertificatsPreparations\MCTS-70-503_WCF\WCF_own_sample\SimpleClientServer.Config.Rest\Backup\Client\Program.cs">
</Event><Event ErrorLevel="0" Project="Client" Source="Client\Properties\AssemblyInfo.cs" Description="File successfully backed up as E:\Daten\Daten_Zeh\IMPORTANTDOCUMENTS\Prof\CertificatsPreparations\MCTS-70-503_WCF\WCF_own_sample\SimpleClientServer.Config.Rest\Backup\Client\Properties\AssemblyInfo.cs">
</Event><Event ErrorLevel="0" Project="Client" Source="Client\Properties\Resources.Designer.cs" Description="File successfully backed up as E:\Daten\Daten_Zeh\IMPORTANTDOCUMENTS\Prof\CertificatsPreparations\MCTS-70-503_WCF\WCF_own_sample\SimpleClientServer.Config.Rest\Backup\Client\Properties\Resources.Designer.cs">
</Event><Event ErrorLevel="0" Project="Client" Source="Client\Properties\Settings.Designer.cs" Description="File successfully backed up as E:\Daten\Daten_Zeh\IMPORTANTDOCUMENTS\Prof\CertificatsPreparations\MCTS-70-503_WCF\WCF_own_sample\SimpleClientServer.Config.Rest\Backup\Client\Properties\Settings.Designer.cs">
</Event><Event ErrorLevel="0" Project="Client" Source="Client\App.config" Description="File successfully backed up as E:\Daten\Daten_Zeh\IMPORTANTDOCUMENTS\Prof\CertificatsPreparations\MCTS-70-503_WCF\WCF_own_sample\SimpleClientServer.Config.Rest\Backup\Client\App.config">
</Event><Event ErrorLevel="0" Project="Client" Source="Client\Properties\Settings.settings" Description="File successfully backed up as E:\Daten\Daten_Zeh\IMPORTANTDOCUMENTS\Prof\CertificatsPreparations\MCTS-70-503_WCF\WCF_own_sample\SimpleClientServer.Config.Rest\Backup\Client\Properties\Settings.settings">
</Event><Event ErrorLevel="0" Project="Client" Source="Client\Form1.resx" Description="File successfully backed up as E:\Daten\Daten_Zeh\IMPORTANTDOCUMENTS\Prof\CertificatsPreparations\MCTS-70-503_WCF\WCF_own_sample\SimpleClientServer.Config.Rest\Backup\Client\Form1.resx">
</Event><Event ErrorLevel="0" Project="Client" Source="Client\Properties\Resources.resx" Description="File successfully backed up as E:\Daten\Daten_Zeh\IMPORTANTDOCUMENTS\Prof\CertificatsPreparations\MCTS-70-503_WCF\WCF_own_sample\SimpleClientServer.Config.Rest\Backup\Client\Properties\Resources.resx">
</Event><Event ErrorLevel="0" Project="Client" Source="Client\Client.csproj" Description="Project converted successfully">
</Event><Event ErrorLevel="3" Project="Client" Source="Client\Client.csproj" Description="Converted">
</Event><Event ErrorLevel="0" Project="" Source="SimpleClientServerConfig.sln" Description="Solution converted successfully">
</Event><Event ErrorLevel="3" Project="" Source="SimpleClientServerConfig.sln" Description="Converted">
</Event><Event ErrorLevel="0" Project="Server" Source="Server\Server.csproj" Description="Scan complete: Upgrade not required for project files.">
</Event><Event ErrorLevel="0" Project="Client" Source="Client\Client.csproj" Description="Scan complete: Upgrade not required for project files.">
</Event></UpgradeLog>